,names,wages,years,addresses
0,jose dodson,244846.72,2010,86256 Scott Mountains WoniicaviTTe KY
1,rose ltd ltd,230691.99,2010,41137 Adams Parkways Suite 509 AR
2,tiaa phillips,223235.71,2010,63753 Giles Lane Roseburgh ND
3,theresa benson,215823.29,2010,56348 Ochoa Pike Ginabury MD
4,stephen george,246434.42,2010,667 Moreno Islands Apt. 604 NE
5,jessica gates,50967.82,2010,735 Nguyen Expressway Apt. 969 New NM
6,jacob gibbs,79780.68,2010,04274 Trevor Prairie Apt. 381 Whitefort MA
7,jessica murphy,222864.09,2010,1952 Ray Roads Shannonmouth RI
8,douglas monroe,245127.79,2010,06431 Collins Highway Apt. 765 Leachbury TA
9,patrick lee,167580.53,2010,9300 Carl Divide Kaylaside Nc
10,mrs. debbie,50707.73,2010,3916 Stevens Center Apt. 868 South
11,dawn ftitz,213695.35,2010,856 Keith Harbor Apt. 417 Ryanview wr
12,greg lucas,88738.07,2010,77681 Jose Roads South William MN
13,curtis brown,85120.99,2010,32376 David Knolls Wilsonmouth MI
14,george plc group,60156.88,2010,26195 Shelly Station NM
15,andrew fitzgerald,92132.2,2010,994 Morgan Springs Carolynfort
16,david stewart,48527.72,2010,1321 Wall Inlet Murrayfort AL
17,robert griffin,222248.41,2010,8319 Angel Row Suite 800 New ME
18,julie miller,72019.45,2010,722 Pearson Pine Apt. 883 NJ
19,eric reynolds,75551.68,2010,6462 Coffey Ridge Suite 124 NV
20,john moss,123853.91,2010,80934 Nicole Wohiisshi've WA
21,anna price,237166.92,2010,59816 Sims Cliffs Jacobsport CO
22,sarah russell,67962.92,2010,9858 Justin Curve Apt. 968 New Stevenstad
23,david hill,83227.72,2010,965 Rodgers Lake Apt. 548 New
24,jesse scott,99558.65,2010,78443 Richard Camp KY
25,john williams,117490.24,2010,641 Webster Trail ME
26,michelle garza,115829.86,2010,16993 Love Streets New AL
27,sarah walton,158746.72,2010,2810 Evans Run Apt. 414 Staceyborough NM
28,derrick graham,48676.83,2010,285 Edwards Wall Margaret KY
29,american carroll,179715.95,2010,220 Foley Ford Suite 426 Landryside VT
30,leltabethland,162399.96,2010,438 Brandon Point Apt. 407 WA
31,robinson,229323.81,2010,610 David Course Suite 060 Yvonneside MO
32,briana fischer,150442.84,2010,64328 Jacob Streets Suite 697 Ballardland MO
33,mr. patrick,221078.73,2010,2368 Gonzales Wall Jo TX
34,michael mclaughlin,132218.02,2010,7131 Jones Divide Suite 614 North NM
35,edgar everett,214105.9,2010,1860 Carroll Islands Suite 643 TX
36,charles avila,11995.48,2010,66050 Hunt Valleys Apt. 689 Michaelport wy
37,robert moore,189586.65,2010,53435 Bates Mission New Nicholasside Co
38,kyle munoz,187619.16,2010,32247 Lisa Curve Suite 086 Michaelport
39,rudio,47511.62,2010,9857 David Street Apt. 830 Kimberlyport ME
40,andres weber,215605.46,2010,5804 Duke Squares Suite 157 AR
41,christopher duncan,181403.95,2010,29153 Melissa Knoll Suite 107 Kaylamouth Wi
42,john watkins,171350.77,2010,525 Miller Rue Suite 193 wv
43,isaiah,231395.92,2010,34680 Stephanie Apt.
44,victoria casey,90898.42,2010,7250 Donna Ways Mariahport NE
45,luxe turner,195795.2,2010,76743 Steven Pines Apt. 200 Moodyview AL
46,rodriguez,67094.15,2010,869 Roger Mountains Ryanfurt OK
47,erin carpenter,106090.66,2010,7314 Peters Crossing Brianport OH
48,"martinez, jones and menooza ltd",55676.02,2010,5201 Myers Orchard Suite 934 South SC
49,christopher ramos,87996.47,2010,864 Stanley Wells Rileyfort OK
50,joshuaport,190333.67,2010,5665 Joyce Burgs Joshuaport RI
51,brendan vaughn,218187.56,2010,40066 Jasmine Points Justinmouth VA
52,jossica,108752.74,2010,18383 Johnson Brook Douglasfurt In
53,bonnie hernandez,213073.98,2010,96453 Molly Hollow Apt. 124 AL
54,britan booth,246072.2,2010,28991 Cindy Harbors Suite 529 Stephensview GA
55,sergio wright,190691.6,2010,445 Novak Stream Kevinville No
56,kirk,205321.46,2010,477 Cory Keys Michaelburgh AL
57,jacqueline,52827.7,2010,23112 Barajas Camp
58,donnalez,79969.74,2010,3589 Mark Knolls Suite 263 North Jillian IL
59,sarah marsh,82682.71,2010,42449 Chelsea Wells LA
60,jonathan clark,100242.8,2010,59112 Johnson Skyway Suite 963 Victoriaview MO
61,south ryanbury,64813.97,2010,51361 Brent Plaza Jeremystad HI
62,richard nichols,160803.36,2010,065 Jones Mountains Apt. 633 Feliciafort AR
63,debbie castilo,220985.7,2010,916 Bell Island Suite 694 HSext'sonskad
64,kelly buchanan,210149.36,2010,978 Smith Coves @otwenia tan VA
65,david robinson,90441.64,2010,73305 Murray Walk North Tx
66,olivia clark,88798.14,2010,070 Thomas Springs Christopher OR
67,lisa webb,137810.66,2010,555 Wise Trail North Ryanfurt NV
68,veronica,143937.88,2010,Jennings 629 Blake Passage Apt. 856 Cynthialand wr
69,steven davis,193740.14,2010,859 Johnson Summit Gravesmouth DE
70,sergio kelley,105726.15,2010,48451 Robles Parkway vr
71,mary townsend,84312.66,2010,775 Mosley Cove Suite 784 Nelsonport sD
72,tommy macdonald,211372.13,2010,267 Austin Unions Suite 494 Joshuaside NJ
73,howell,149382.77,2010,45069 Daniel Courts Sanchezshire DE
74,james dudley,89641.68,2010,779 Richard Row Christopher AL
75,allison,153506. 1,2010,1914 Christy Plaza Michaelland NY
76,elizabeth russo,71230.77,2010,71278 Miller Roads Apt. 323 South Rogershi vr
77,yolanda,154441.96,2010,281 Stephen Garden
78,richy boyer,113248.13,2010,96195 Crest Bennet wy
79,william merritt,63648.76,2010,51337 Miller Manors North LA
80,miranda conway,130398.18,2010,160 Neal Field Toddburgh RI
81,frank medina,111818.35,2010,38918 Kenneth Street NJ
82,lisa guzman,132669.29,2010,415 John Burgs South NE
83,stephen hill,138864.i,2010,295 Bradshaw Glen Ashleyland sc
84,jamie khan,87376.93,2010,3679 Lawrence Apt. wt
